id,title,narration,url,image
1,VP Quality Control,"Quisque porta volutpat erat. Quisque erat eros, viverra eget, congue eget, semper rutrum, nulla. Nunc purus.",http://utexas.edu,http://dummyimage.com/x.png/cc0000/ffffff
2,Project Manager,"Aenean fermentum. Donec ut mauris eget massa tempor convallis. Nulla neque libero, convallis eget, eleifend luctus, ultricies eu, nibh.",https://blogtalkradio.com,http://dummyimage.com/x.png/5fa2dd/ffffff
3,Environmental Tech,Sed ante. Vivamus tortor. Duis mattis egestas metus.,https://goodreads.com,http://dummyimage.com/x.png/dddddd/000000
4,Registered Nurse,"Cras mi pede, malesuada in, imperdiet et, commodo vulputate, justo. In blandit ultrices enim. Lorem ipsum dolor sit amet, consectetuer adipiscing elit.",https://dmoz.org,http://dummyimage.com/x.png/5fa2dd/ffffff
5,Recruiting Manager,Maecenas ut massa quis augue luctus tincidunt. Nulla mollis molestie lorem. Quisque ut erat.,https://delicious.com,http://dummyimage.com/x.png/dddddd/000000
6,Automation Specialist IV,"Sed sagittis. Nam congue, risus semper porta volutpat, quam pede lobortis ligula, sit amet eleifend pede libero quis orci. Nullam molestie nibh in lectus.",https://mysql.com,http://dummyimage.com/x.png/ff4444/ffffff
7,Account Executive,"Proin eu mi. Nulla ac enim. In tempor, turpis nec euismod scelerisque, quam turpis adipiscing lorem, vitae mattis nibh ligula nec sem.",http://gravatar.com,http://dummyimage.com/x.png/ff4444/ffffff
8,Software Test Engineer III,"Nam ultrices, libero non mattis pulvinar, nulla pede ullamcorper augue, a suscipit nulla elit ac nulla. Sed vel enim sit amet nunc viverra dapibus. Nulla suscipit ligula in lacus.",http://bbc.co.uk,http://dummyimage.com/x.png/cc0000/ffffff
9,Developer III,In congue. Etiam justo. Etiam pretium iaculis justo.,https://seesaa.net,http://dummyimage.com/x.png/dddddd/000000
10,Recruiter,"Cum sociis natoque penatibus et magnis dis parturient montes, nascetur ridiculus mus. Vivamus vestibulum sagittis sapien. Cum sociis natoque penatibus et magnis dis parturient montes, nascetur ridiculus mus.",https://oaic.gov.au,http://dummyimage.com/x.png/ff4444/ffffff
11,Assistant Manager,"Duis bibendum, felis sed interdum venenatis, turpis enim blandit mi, in porttitor pede justo eu massa. Donec dapibus. Duis at velit eu est congue elementum.",https://sun.com,http://dummyimage.com/x.png/dddddd/000000
12,Systems Administrator II,"Mauris enim leo, rhoncus sed, vestibulum sit amet, cursus id, turpis. Integer aliquet, massa id lobortis convallis, tortor risus dapibus augue, vel accumsan tellus nisi eu orci. Mauris lacinia sapien quis libero.",http://walmart.com,http://dummyimage.com/x.png/ff4444/ffffff
13,Social Worker,"Curabitur in libero ut massa volutpat convallis. Morbi odio odio, elementum eu, interdum eu, tincidunt in, leo. Maecenas pulvinar lobortis est.",https://artisteer.com,http://dummyimage.com/x.png/dddddd/000000
14,Media Manager II,Integer tincidunt ante vel ipsum. Praesent blandit lacinia erat. Vestibulum sed magna at nunc commodo placerat.,http://cam.ac.uk,http://dummyimage.com/x.png/ff4444/ffffff
15,Recruiter,"Quisque id justo sit amet sapien dignissim vestibulum. Vestibulum ante ipsum primis in faucibus orci luctus et ultrices posuere cubilia Curae; Nulla dapibus dolor vel est. Donec odio justo, sollicitudin ut, suscipit a, feugiat et, eros.",http://netvibes.com,http://dummyimage.com/x.png/cc0000/ffffff
16,Marketing Assistant,Phasellus sit amet erat. Nulla tempus. Vivamus in felis eu sapien cursus vestibulum.,http://businesswire.com,http://dummyimage.com/x.png/5fa2dd/ffffff
17,Mechanical Systems Engineer,"Quisque porta volutpat erat. Quisque erat eros, viverra eget, congue eget, semper rutrum, nulla. Nunc purus.",http://squidoo.com,http://dummyimage.com/x.png/dddddd/000000
18,Editor,Aliquam quis turpis eget elit sodales scelerisque. Mauris sit amet eros. Suspendisse accumsan tortor quis turpis.,https://google.fr,http://dummyimage.com/x.png/5fa2dd/ffffff
19,Cost Accountant,In quis justo. Maecenas rhoncus aliquam lacus. Morbi quis tortor id nulla ultrices aliquet.,http://lycos.com,http://dummyimage.com/x.png/ff4444/ffffff
20,VP Sales,"In sagittis dui vel nisl. Duis ac nibh. Fusce lacus purus, aliquet at, feugiat non, pretium quis, lectus.",https://smugmug.com,http://dummyimage.com/x.png/ff4444/ffffff
